{"26405488_left": {"pose": [0.1113325872574514, 0.8207481722451926, 0.04550905451430457, -1.64633974845365, -0.17857016318886476, -2.937663676632542], "timestamp": 1673597556.0704472}, "26405488_right": {"pose": [-0.009417838799177, 0.7972668750161092, 0.0693151223699266, -1.6473025257925253, -0.18917295438381165, -2.942218897492042], "timestamp": 1673597557.3687217}, "19824535_left": {"pose": [-0.07528310648512061, 0.02872136764193708, 0.023316565592628957, -0.3255773557130956, 0.006247432431090383, -1.562874530416053], "timestamp": 1680893804.7454631}, "19824535_right": {"pose": [-0.06961440752114842, -0.035396599227355253, 0.020410786906711484, -0.31886273624702377, 0.007822018427507738, -1.552143062181081], "timestamp": 1680893807.0068362}, "29838012_left": {"pose": [0.42385358751757574, 0.4626384952979812, 0.5072865967113614, -2.341722424861385, 0.08550930848336424, 3.0551626376452683], "timestamp": 1680894489.7359874}, "29838012_right": {"pose": [0.3019451803701624, 0.4767405710534327, 0.4875508861116462, -2.3321785606204752, 0.07641219109956565, 3.084965599905071], "timestamp": 1680894491.0840807}, "23404442_left": {"pose": [0.282413249679177, -0.5296331915565036, 0.18879102964730526, -1.9478538259079614, 0.01936191897000339, -0.3607309522298378], "timestamp": 1680894340.4360833}, "23404442_right": {"pose": [0.3830961957079439, -0.5750697995241142, 0.18693360600298486, -1.9475434908445413, 0.017147920314499965, -0.37092942838440296], "timestamp": 1680894342.5872135}, "13062452_left": {"pose": [-0.07722938389467791, 0.03411684086930617, -0.005682509567230485, -0.3155794897647749, 0.037330387389235664, -1.548771544924883], "timestamp": 1703895079.976433}, "13062452_right": {"pose": [-0.06340281375341215, -0.03189314564992098, 0.011062351101988674, -0.3108514669244511, 0.002068311592067884, -1.54797065040485], "timestamp": 1703895081.7520921}, "20521388_left": {"pose": [0.7638557837146167, 0.05370751292918419, 0.5126829930804507, -3.0861223897111074, 0.014845827834181424, 1.5690289216794646], "timestamp": 1705121041.729757}, "20521388_right": {"pose": [0.769010555984037, 0.14979794515331374, 0.5068734227365463, -3.072249288269972, -0.016786043955974383, 1.5864124922683653], "timestamp": 1705121042.8649337}, "24259877_left": {"pose": [0.1815092785048155, 0.005245400659609406, 0.2718459255285272, -2.0693628320639625, -0.029390082252422678, -1.5240248938964815], "timestamp": 1705219783.6354115}, "24259877_right": {"pose": [0.19638368196583383, -0.11030819334093392, 0.2728516322077926, -2.061635489955851, -0.03884733412299157, -1.5248330857008907], "timestamp": 1705219784.8905087}}